name,datetime,tempmax,tempmin,temp,feelslikemax,feelslikemin,feelslike,dew,humidity,precip,precipprob,precipcover,preciptype,snow,snowdepth,windgust,windspeed,winddir,sealevelpressure,cloudcover,visibility,solarradiation,solarenergy,uvindex,severerisk,sunrise,sunset,moonphase,conditions,description,icon,stations
"Houston,TX",2024-01-01,64.3,50.1,59.5,64.3,50.1,59.5,52.7,79.2,0.979,100,33.33,rain,0,0,19.7,14.8,6.2,1022.3,95.2,6.7,50,4.3,3,10,2024-01-01T07:16:55,2024-01-01T17:33:08,0.69,"Rain, Overcast",Cloudy skies throughout the day with rain clearing later.,rain,"KHOU,72059400188,KIAH,KMCJ,72244012918,D0326"
"Houston,TX",2024-01-02,52.2,43,47.9,52.2,36.9,44.7,40,74.3,0.315,100,16.67,rain,0,0,32.9,24.7,78.5,1021.6,97.2,9,33.7,2.9,2,10,2024-01-02T07:17:09,2024-01-02T17:33:51,0.72,"Rain, Overcast",Cloudy skies throughout the day with late afternoon rain.,rain,"KHOU,72059400188,KMCJ,72244012918,D0326"
"Houston,TX",2024-01-03,57.3,44.8,49.7,57.3,38.4,46.7,44.2,82.2,0.72,100,16.67,rain,0,0,39.6,23.4,14.7,1018.8,65.5,9.2,54.9,4.8,6,10,2024-01-03T07:17:22,2024-01-03T17:34:34,0.75,"Rain, Partially cloudy",Partly cloudy throughout the day with rain clearing later.,rain,"KHOU,72059400188,KIAH,KMCJ,72244012918,72243012960,D0326"
"Houston,TX",2024-01-04,59.2,44.8,52.4,59.2,40,50.9,41.2,67.2,0,0,0,,0,0,34.3,24.2,104.9,1019,32.5,9.9,48.1,4.1,6,10,2024-01-04T07:17:33,2024-01-04T17:35:19,0.78,Partially cloudy,Becoming cloudy in the afternoon.,partly-cloudy-day,"KHOU,72059400188,KIAH,KMCJ,72244012918,D0326"
"Houston,TX",2024-01-05,61,48.5,55.2,61,42.7,55,48.5,80.1,1.123,100,37.5,rain,0,0,33.2,23.6,35.3,1010,61.4,8,42.3,3.7,6,10,2024-01-05T07:17:42,2024-01-05T17:36:04,0.81,"Rain, Partially cloudy",Partly cloudy throughout the day with rain clearing later.,rain,"KHOU,72059400188,KMCJ,72244012918,D0326"
"Houston,TX",2024-01-06,61.2,46,53.9,61.2,44.1,53,42.3,67.4,0,0,0,,0,0,11.4,12,327.4,1013.6,26.1,9.7,40,3.4,3,10,2024-01-06T07:17:50,2024-01-06T17:36:50,0.85,Partially cloudy,Partly cloudy throughout the day.,partly-cloudy-day,"KHOU,72059400188,KMCJ,72244012918,D0326"
"Houston,TX",2024-01-07,59.2,47.9,53.7,59.2,44.5,52.9,41.8,65.8,0,0,0,,0,0,27.7,22.3,109.9,1019.2,45.3,9.4,55.7,4.9,4,10,2024-01-07T07:17:56,2024-01-07T17:37:36,0.88,Partially cloudy,Partly cloudy throughout the day.,partly-cloudy-day,"KHOU,72059400188,KMCJ,72244012918,D0326"
"Houston,TX",2024-01-08,73.5,50.3,60.9,73.5,50.3,60.9,56.1,84.8,0.49,100,50,rain,0,0,42.4,27.4,147.6,1005,97.6,6.9,28.2,2.4,2,75,2024-01-08T07:18:01,2024-01-08T17:38:23,0.91,"Rain, Overcast",Cloudy skies throughout the day with rain.,rain,"KHOU,72059400188,KIAH,KMCJ,72244012918,D0326"
"Houston,TX",2024-01-09,55.5,42.9,49.3,55.5,33.2,46,25.4,39.8,0.022,100,12.5,rain,0,0,49.9,31.3,302,1011.2,27.6,9.7,38.3,3.2,6,10,2024-01-09T07:18:03,2024-01-09T17:39:11,0.94,"Rain, Partially cloudy",Partly cloudy throughout the day with rain clearing later.,rain,"KHOU,72059400188,KIAH,KMCJ,72244012918,D0326"
"Houston,TX",2024-01-10,66.4,47.3,56.8,66.4,41.5,55.2,37.1,48.9,0,0,0,,0,0,27.7,17.9,194.5,1011.9,42.5,9.9,46.7,4.1,6,10,2024-01-10T07:18:05,2024-01-10T17:40:00,0.98,Partially cloudy,Partly cloudy throughout the day.,partly-cloudy-day,"KHOU,72059400188,KIAH,KMCJ,72244012918,D0326"
"Houston,TX",2024-01-11,73.8,59,66.5,73.8,59,66.5,62,86.1,0,0,0,,0,0,34.5,27.5,178.8,1006.5,82.8,6.9,40.9,3.6,3,10,2024-01-11T07:18:04,2024-01-11T17:40:49,0,Partially cloudy,Partly cloudy throughout the day.,partly-cloudy-day,"KHOU,72059400188,KMCJ,72244012918,D0326"
"Houston,TX",2024-01-12,69.9,44.6,56.3,69.9,41.7,55.2,34.5,47.1,0.001,100,4.17,rain,0,0,46.3,33.4,299,1009.5,45.6,8.4,50.3,4.2,6,10,2024-01-12T07:18:02,2024-01-12T17:41:38,0.04,"Rain, Partially cloudy",Clearing in the afternoon with early morning rain.,rain,"KHOU,72059400188,KMCJ,72244012918,D0326"
"Houston,TX",2024-01-13,62.8,42,52.1,62.8,37.2,50.5,31.6,46.5,0,0,0,,0,0,27,17.6,162.4,1017.6,52.2,9.9,49.3,4.2,6,10,2024-01-13T07:17:58,2024-01-13T17:42:28,0.08,Partially cloudy,Clearing in the afternoon.,partly-cloudy-day,"KHOU,72059400188,KMCJ,72244012918,D0326"
"Houston,TX",2024-01-14,55.2,34.2,44.9,55.2,23.8,39.6,33,63.9,0,0,0,,0,0,24,18,342.1,1018.7,66.9,9.8,80,7,6,10,2024-01-14T07:17:53,2024-01-14T17:43:18,0.11,Partially cloudy,Partly cloudy throughout the day.,partly-cloudy-day,"KHOU,72059400188,KMCJ,72244012918,D0326"
"Houston,TX",2024-01-15,32.5,24.9,27.5,21.5,9,15.2,25.2,91,0.006,100,8.33,"rain,snow",0,0,34.7,26,347.4,1019.7,97.7,5.8,10.9,1,0,10,2024-01-15T07:17:46,2024-01-15T17:44:09,0.15,"Snow, Rain, Overcast",Cloudy skies throughout the day with morning rain or snow.,rain,"KHOU,72059400188,KMCJ,72244012918,D0326"
"Houston,TX",2024-01-16,30.6,17.9,25,23.2,0.9,12,11.2,57.2,0,0,0,,0,0,40,25.6,346.7,1027.6,45.7,9.9,65.7,5.6,6,10,2024-01-16T07:17:37,2024-01-16T17:45:00,0.18,Partially cloudy,Clearing in the afternoon.,partly-cloudy-day,"KHOU,72059400188,KMCJ,72244012918,D0326"
"Houston,TX",2024-01-17,42.8,23.1,33.6,39.1,15.1,27.3,22.1,63.2,0,0,0,,0,0,20.8,15.8,101.3,1025.8,62.2,9.6,82,7,6,10,2024-01-17T07:17:27,2024-01-17T17:45:51,0.25,Partially cloudy,Partly cloudy throughout the day.,partly-cloudy-day,"KHOU,72059400188,KIAH,KMCJ,72244012918,72243012960,D0326"
"Houston,TX",2024-01-18,62.7,41.3,54.6,62.7,39.8,54,52,91.1,0.001,100,4.17,rain,0,0,25.3,10.9,248.9,1015.6,75.3,6.1,37,3.2,2,10,2024-01-18T07:17:15,2024-01-18T17:46:43,0.25,"Rain, Partially cloudy",Partly cloudy throughout the day with early morning rain.,rain,"KHOU,72059400188,KMCJ,72244012918,D0326"
"Houston,TX",2024-01-19,59.8,39.4,49.3,59.8,30.8,45.8,32.1,54,0,0,0,,0,0,33.3,19.9,360,1024.9,43.1,9.3,64.5,5.5,6,10,2024-01-19T07:17:01,2024-01-19T17:47:34,0.29,Partially cloudy,Clearing in the afternoon.,partly-cloudy-day,"KHOU,72059400188,KMCJ,72244012918,D0326"
"Houston,TX",2024-01-20,45,30.5,38.5,42.4,19.4,31.5,15.9,40.3,0,0,0,,0,0,25.6,15.9,37.3,1031.3,53,9.9,56.4,4.7,6,10,2024-01-20T07:16:46,2024-01-20T17:48:26,0.32,Partially cloudy,Clearing in the afternoon.,partly-cloudy-day,"KHOU,72059400188,KMCJ,72244012918,D0326"
"Houston,TX",2024-01-21,42.9,35.9,39.4,34.9,26.1,31.6,24.7,56.7,0.032,100,8.33,rain,0,0,34.4,22,95.4,1027.9,99.1,9.5,27.4,2.3,1,10,2024-01-21T07:16:29,2024-01-21T17:49:18,0.36,"Rain, Overcast",Cloudy skies throughout the day with late afternoon rain.,rain,"KHOU,72059400188,KIAH,KMCJ,72244012918,D0326"
"Houston,TX",2024-01-22,64.5,44.6,56.9,64.5,36.2,55.6,56.4,98.2,0.879,100,58.33,rain,0,0,34.5,28.4,133.9,1017.5,99.1,2.8,5.2,0.4,0,10,2024-01-22T07:16:10,2024-01-22T17:50:10,0.39,"Rain, Overcast",Cloudy skies throughout the day with a chance of rain throughout the day.,rain,"KHOU,72059400188,KMCJ,72244012918,D0326"
"Houston,TX",2024-01-23,69.9,62.5,66.1,69.9,62.5,66.1,65.7,98.7,0.303,100,25,rain,0,0,25.3,18,147.1,1014.4,100,2,15.5,1.4,1,10,2024-01-23T07:15:50,2024-01-23T17:51:02,0.43,"Rain, Overcast",Cloudy skies throughout the day with rain.,rain,"KHOU,72059400188,KMCJ,72244012918,D0326"
"Houston,TX",2024-01-24,68,60.9,62.6,68,60.9,62.6,62.1,98.4,1.23,100,70.83,rain,0,0,32.7,20,92.7,1015.1,96.4,5.4,13.5,1.2,1,10,2024-01-24T07:15:28,2024-01-24T17:51:55,0.47,"Rain, Overcast",Cloudy skies throughout the day with a chance of rain throughout the day.,rain,"KHOU,72059400188,KMCJ,72244012918,D0326"
"Houston,TX",2024-01-25,70.2,55.7,62.5,70.2,55.7,62.5,56.4,82,0.505,100,29.17,rain,0,0,31.1,19.6,358.9,1016.2,34.9,8.4,112.2,9.7,7,10,2024-01-25T07:15:05,2024-01-25T17:52:47,0.5,"Rain, Partially cloudy",Clearing in the afternoon with rain clearing later.,rain,"KHOU,72059400188,KMCJ,72244012918,D0326"
"Houston,TX",2024-01-26,62.8,53.7,58.3,62.8,53.7,58.3,57.7,98,0.687,100,29.17,rain,0,0,18.3,11.5,43.7,1015,90.7,3.3,28.8,2.4,2,10,2024-01-26T07:14:40,2024-01-26T17:53:39,0.53,"Rain, Overcast",Cloudy skies throughout the day with rain.,rain,"KHOU,72059400188,KMCJ,72244012918,D0326"
"Houston,TX",2024-01-27,59.2,50,55.7,59.2,50,55.7,50.4,83,0,0,0,,0,0,35.8,19.5,320.6,1020.2,85.1,8.8,38.2,3.5,2,10,2024-01-27T07:14:14,2024-01-27T17:54:31,0.57,Partially cloudy,Partly cloudy throughout the day.,partly-cloudy-day,"KHOU,72059400188,KMCJ,72244012918,D0326"
"Houston,TX",2024-01-28,61.2,41.2,52,61.2,34.6,49.4,37.4,62.1,0,0,0,,0,0,25.3,18.1,330,1027.2,9.7,9.7,92.7,8,7,10,2024-01-28T07:13:46,2024-01-28T17:55:23,0.6,Clear,Clear conditions throughout the day.,clear-day,"KHOU,72059400188,KIAH,KMCJ,72244012918,D0326"
"Houston,TX",2024-01-29,68.1,47.8,57.5,68.1,43.8,57.3,36.7,47.7,0,0,0,,0,0,20.8,11.8,266.7,1026.5,15.8,9.9,127,11.1,7,10,2024-01-29T07:13:16,2024-01-29T17:56:15,0.63,Clear,Clear conditions throughout the day.,clear-day,"KHOU,72059400188,KIAH,KMCJ,72244012918,72243012960,D0326"
"Houston,TX",2024-01-30,70.2,51.5,60.6,70.2,51.5,60.6,40.4,49.1,0,0,0,,0,0,23,16.9,264.5,1022.9,38.6,9.9,117,10,7,10,2024-01-30T07:12:45,2024-01-30T17:57:07,0.66,Partially cloudy,Clearing in the afternoon.,partly-cloudy-day,"KHOU,72059400188,KIAH,KMCJ,72244012918,D0326"
"Houston,TX",2024-01-31,73.6,53.2,63.2,73.6,53.2,63.2,42.9,49.4,0,0,0,,0,0,19.7,16.2,262.7,1022.3,36.8,9.9,97.1,8.4,5,10,2024-01-31T07:12:13,2024-01-31T17:57:58,0.7,Partially cloudy,Partly cloudy throughout the day.,partly-cloudy-day,"KHOU,72059400188,KMCJ,72244012918,D0326"
"Houston,TX",2024-02-01,68.2,55.3,62.5,68.2,55.3,62.5,50,65,0,0,0,,0,0,21.9,13.8,165.7,1018.8,48.2,9.9,67.8,5.9,4,10,2024-02-01T07:11:39,2024-02-01T17:58:50,0.73,Partially cloudy,Becoming cloudy in the afternoon.,partly-cloudy-day,"KHOU,72059400188,KMCJ,72244012918,D0326"
"Houston,TX",2024-02-02,71.9,57.1,64.3,71.9,57.1,64.3,60.4,88.4,0.002,100,4.17,rain,0,0,31.1,22.6,137.6,1011.3,85.3,6.5,36.2,3,2,10,2024-02-02T07:11:04,2024-02-02T17:59:41,0.75,"Rain, Partially cloudy",Partly cloudy throughout the day with late afternoon rain.,rain,"KHOU,72059400188,KMCJ,72244012918,D0326"
"Houston,TX",2024-02-03,69.9,59,63.1,69.9,59,63.1,55.5,79.2,1.277,100,50,rain,0,0,41.4,23.2,193.9,1003.3,51.2,7.1,109.5,9.4,7,10,2024-02-03T07:10:27,2024-02-03T18:00:32,0.8,"Rain, Partially cloudy",Partly cloudy throughout the day with rain clearing later.,rain,"KHOU,72059400188,KIAH,KMCJ,72244012918,72243012960,D0326"
"Houston,TX",2024-02-04,68.2,57,61.1,68.2,57,61.1,41.7,50,0,0,0,,0,0,48.8,39.6,296.5,1002.8,31.9,9.7,101.5,8.8,7,10,2024-02-04T07:09:49,2024-02-04T18:01:22,0.83,Partially cloudy,Clearing in the afternoon.,wind,"KHOU,72059400188,KMCJ,72244012918,D0326"
"Houston,TX",2024-02-05,63,53.9,57.9,63,53.9,57.9,46.6,66.3,0,0,0,,0,0,34.5,28.8,335,1014,62.3,9.9,134.4,11.6,7,10,2024-02-05T07:09:09,2024-02-05T18:02:13,0.86,Partially cloudy,Partly cloudy throughout the day.,partly-cloudy-day,"KHOU,72059400188,KMCJ,72244012918,D0326"
"Houston,TX",2024-02-06,70,49.8,59.1,70,45.2,58.6,38.9,51,0,0,0,,0,0,20.8,13.3,348.5,1019.8,7.8,9.9,111.2,9.6,8,10,2024-02-06T07:08:28,2024-02-06T18:03:03,0.89,Clear,Clear conditions throughout the day.,clear-day,"KHOU,72059400188,KIAH,KMCJ,72244012918,D0326"
"Houston,TX",2024-02-07,68.2,51.3,61.3,68.2,51.3,61.3,47.7,61.8,0,0,0,,0,0,31.8,23.4,150.6,1016.7,60.2,9.9,79.3,7,9,10,2024-02-07T07:07:46,2024-02-07T18:03:52,0.93,Partially cloudy,Partly cloudy throughout the day.,partly-cloudy-day,"KHOU,72059400188,KIAH,KMCJ,72244012918,72243012960,D0326"
"Houston,TX",2024-02-08,73.5,64.3,67.8,73.5,64.3,67.8,59.8,76.1,0,0,0,,0,0,26.4,17,158.4,1015.1,84.7,9.2,55.3,4.9,3,10,2024-02-08T07:07:03,2024-02-08T18:04:42,0.96,Partially cloudy,Partly cloudy throughout the day.,partly-cloudy-day,"KHOU,72059400188,KIAH,KMCJ,72244012918,72243012960,D0326"
"Houston,TX",2024-02-09,75.5,65.3,69.4,75.5,65.3,69.4,64.1,84.1,0,0,0,,0,0,26.4,18.8,166.6,1014.4,95,8.2,72.9,6.3,3,10,2024-02-09T07:06:18,2024-02-09T18:05:31,0,Overcast,Cloudy skies throughout the day.,cloudy,"KHOU,72059400188,KIAH,72244012918,KMCJ,72243012960,D0326"
"Houston,TX",2024-02-10,73.6,66.3,69.8,73.6,66.3,69.8,67.1,91.6,0.049,100,12.5,rain,0,0,35.8,18.5,176.9,1010.2,96.1,5.3,42.7,3.6,2,10,2024-02-10T07:05:32,2024-02-10T18:06:20,0.03,"Rain, Overcast",Cloudy skies throughout the day with early morning rain.,rain,"KHOU,72059400188,KMCJ,72244012918,D0326"
"Houston,TX",2024-02-11,75.6,53.8,67.1,75.6,53.8,67.1,62.6,86.7,0.028,100,4.17,rain,0,0,34.2,21.9,262.5,1006.7,82.1,5.9,94.5,8.1,6,60,2024-02-11T07:04:45,2024-02-11T18:07:08,0.06,"Rain, Partially cloudy",Partly cloudy throughout the day with afternoon rain.,rain,"KHOU,72059400188,KMCJ,72244012918,D0326"
"Houston,TX",2024-02-12,59.2,44.8,51.3,59.2,35.5,48,35.8,57.6,0,0,0,,0,0,41.5,26.5,316.4,1016.3,39.7,9.9,120.5,10.5,8,10,2024-02-12T07:03:56,2024-02-12T18:07:56,0.1,Partially cloudy,Clearing in the afternoon.,partly-cloudy-day,"KHOU,72059400188,KMCJ,72244012918,D0326"
"Houston,TX",2024-02-13,66.4,47.6,55.6,66.4,46.7,55.3,35.1,48,0,0,0,,0,0,19.7,14.3,182.3,1021.7,25.2,9.8,115.3,10,8,10,2024-02-13T07:03:07,2024-02-13T18:08:44,0.13,Partially cloudy,Partly cloudy throughout the day.,partly-cloudy-day,"KHOU,72059400188,KMCJ,72244012918,D0326"
"Houston,TX",2024-02-14,64.6,49.5,57,64.6,45.7,56.7,44.6,64.9,0,0,0,,0,0,20.8,14.5,142.2,1021.6,48.9,9.8,109.6,9.5,8,10,2024-02-14T07:02:16,2024-02-14T18:09:31,0.16,Partially cloudy,Partly cloudy throughout the day.,partly-cloudy-day,"KHOU,72059400188,KMCJ,72244012918,D0326"
"Houston,TX",2024-02-15,71.8,57.3,63.8,71.8,57.3,63.8,57.1,79.5,0,0,0,,0,0,12.8,12.6,149.2,1020.3,86.8,9.6,66.4,5.7,3,10,2024-02-15T07:01:24,2024-02-15T18:10:18,0.2,Partially cloudy,Partly cloudy throughout the day.,partly-cloudy-day,"KHOU,72059400188,KMCJ,72244012918,D0326"
"Houston,TX",2024-02-16,66.4,62.6,64,66.4,62.6,64,61,90.4,0.064,100,20.83,rain,0,0,32.2,19.8,183,1015.3,71.6,8.1,41.5,3.6,2,10,2024-02-16T07:00:31,2024-02-16T18:11:04,0.25,"Rain, Partially cloudy",Partly cloudy throughout the day with morning rain.,rain,"KHOU,72059400188,KMCJ,72244012918,D0326"
"Houston,TX",2024-02-17,62.7,41.2,48,62.7,34.7,42.6,36.5,64.4,0,0,0,,0,0,34.8,25.4,356.7,1019.6,60.3,9.9,41.3,3.4,2,10,2024-02-17T06:59:37,2024-02-17T18:11:51,0.27,Partially cloudy,Clearing in the afternoon.,partly-cloudy-day,"KHOU,72059400188,KMCJ,72244012918,D0326"
"Houston,TX",2024-02-18,55.7,35.8,45.4,55.7,27.3,41.6,23.8,45,0,0,0,,0,0,21.9,14.6,345.2,1023.1,34.2,9.9,121.2,10.4,8,10,2024-02-18T06:58:42,2024-02-18T18:12:36,0.3,Partially cloudy,Clearing in the afternoon.,partly-cloudy-day,"KHOU,72059400188,KMCJ,72244012918,D0326"
"Houston,TX",2024-02-19,64.5,44.5,53.7,64.5,44.2,53.3,31.7,45,0,0,0,,0,0,26.4,16.6,180.6,1022,24.8,9.9,120.8,10.6,8,10,2024-02-19T06:57:46,2024-02-19T18:13:22,0.34,Partially cloudy,Partly cloudy throughout the day.,partly-cloudy-day,"KHOU,72059400188,KMCJ,72244012918,D0326"
"Houston,TX",2024-02-20,75.5,54.9,64,75.5,54.9,64,55,74.6,0,0,0,,0,0,23,13.4,208.6,1023,7.9,9.5,121.7,10.5,8,10,2024-02-20T06:56:49,2024-02-20T18:14:07,0.37,Clear,Clear conditions throughout the day.,clear-day,"KHOU,72059400188,KMCJ,72244012918,D0326"
"Houston,TX",2024-02-21,73.8,60.3,66.3,73.8,60.3,66.3,59.2,79.8,0,0,0,,0,0,34.8,23.6,178.5,1019.7,52.3,8.5,119.7,10.3,8,10,2024-02-21T06:55:52,2024-02-21T18:14:51,0.4,Partially cloudy,Partly cloudy throughout the day.,partly-cloudy-day,"KHOU,72059400188,KIAH,KMCJ,72244012918,D0326"
"Houston,TX",2024-02-22,73.7,64.6,68.9,73.7,64.6,68.9,61.1,76.4,0,0,0,,0,0,27.5,16.1,215.5,1011.5,70.9,8.8,93.1,8,6,10,2024-02-22T06:54:53,2024-02-22T18:15:35,0.44,Partially cloudy,Partly cloudy throughout the day.,partly-cloudy-day,"KHOU,72059400188,KIAH,KMCJ,72244012918,72243012960,D0326"
"Houston,TX",2024-02-23,75.4,60.6,67.9,75.4,60.6,67.9,41.4,42.3,0,0,0,,0,0,33.1,20.4,336.2,1015,18.7,9.6,125.9,10.9,8,10,2024-02-23T06:53:53,2024-02-23T18:16:19,0.47,Clear,Clear conditions throughout the day.,clear-day,"KHOU,72059400188,KMCJ,72244012918,D0326"
"Houston,TX",2024-02-24,78.9,61.1,68.5,78.9,61.1,68.5,31.6,27.2,0,0,0,,0,0,20.8,16.6,275.6,1020.4,3.8,9.9,140.7,12.1,8,10,2024-02-24T06:52:53,2024-02-24T18:17:02,0.5,Clear,Clear conditions throughout the day.,clear-day,"KHOU,72059400188,KIAH,KMCJ,72244012918,D0326"
"Houston,TX",2024-02-25,77.3,60.1,67.8,77.3,60.1,67.8,54.3,64.3,0,0,0,,0,0,31.5,18.2,198.2,1017.8,32.3,9.8,133.2,11.4,8,10,2024-02-25T06:51:51,2024-02-25T18:17:45,0.54,Partially cloudy,Partly cloudy throughout the day.,partly-cloudy-day,"KHOU,72059400188,KIAH,KMCJ,72244012918,72243012960,D0326"
"Houston,TX",2024-02-26,77.3,66.1,70.5,77.3,66.1,70.5,65.3,84.2,0,0,0,,0,0,27.7,15.8,203.8,1014.2,78.5,7.1,107.9,9.2,7,10,2024-02-26T06:50:49,2024-02-26T18:18:28,0.58,Partially cloudy,Partly cloudy throughout the day.,partly-cloudy-day,"KHOU,72059400188,KMCJ,72244012918,D0326"
"Houston,TX",2024-02-27,81.1,68,73.6,82,68,73.8,65.8,77.7,0,0,0,,0,0,37.5,21.9,202.5,1008.8,70.8,6.5,114.9,9.9,7,10,2024-02-27T06:49:46,2024-02-27T18:19:10,0.61,Partially cloudy,Partly cloudy throughout the day.,partly-cloudy-day,"KHOU,72059400188,KMCJ,72244012918,D0326"
"Houston,TX",2024-02-28,71.8,51.9,65.1,71.8,51.9,65.1,48.1,59,0,0,0,,0,0,37.7,26.8,346.2,1016.7,71.4,7,77.8,6.8,4,10,2024-02-28T06:48:43,2024-02-28T18:19:52,0.64,Partially cloudy,Partly cloudy throughout the day.,partly-cloudy-day,"KHOU,72059400188,KIAH,KMCJ,72244012918,D0326"
"Houston,TX",2024-02-29,55.7,50.2,52.3,55.7,50.2,52.3,32.2,46.3,0,0,0,,0,0,26.4,21.3,52.9,1023,100,9.6,25.4,2.3,2,10,2024-02-29T06:47:39,2024-02-29T18:20:33,0.68,Overcast,Cloudy skies throughout the day.,cloudy,"KHOU,72059400188,E6288,KMCJ,72244012918,D0326"
"Houston,TX",2024-03-01,71.8,48.7,58.3,71.8,44.1,58.1,45,61.8,0,0,0,,0,0,17.2,16.6,22.8,1018.6,80,9.2,144.5,12.5,8,10,2024-03-01T06:46:34,2024-03-01T18:21:15,0.71,Partially cloudy,Partly cloudy throughout the day.,partly-cloudy-day,"KHOU,72059400188,E6288,KMCJ,72244012918,D0326"
"Houston,TX",2024-03-02,71.7,57.1,63.6,71.7,57.1,63.6,57.9,81.8,0,0,0,,0,0,23,14.8,149.3,1016.8,94.7,7.7,67.8,5.8,3,10,2024-03-02T06:45:28,2024-03-02T18:21:55,0.74,Overcast,Cloudy skies throughout the day.,cloudy,"KHOU,72059400188,KMCJ,72244012918,D0326"
"Houston,TX",2024-03-03,77,61,68.4,77,61,68.4,65.7,91.9,0,0,0,,0,0,23,14.6,141,1013.3,96.9,3.7,93.2,7.9,5,10,2024-03-03T06:44:22,2024-03-03T18:22:36,0.75,Overcast,Cloudy skies throughout the day.,cloudy,"KHOU,72059400188,E6288,KMCJ,72244012918,D0326"
"Houston,TX",2024-03-04,79.2,66.3,72.6,79.2,66.3,72.6,68.9,88.8,0,0,0,,0,0,19.7,16,157.7,1010.6,85.1,5.3,110.6,9.6,8,60,2024-03-04T06:43:15,2024-03-04T18:23:16,0.81,Partially cloudy,Partly cloudy throughout the day.,partly-cloudy-day,"KHOU,72059400188,E6288,KMCJ,72244012918,D0326"
"Houston,TX",2024-03-05,86.1,66.4,73.5,84.8,66.4,73.7,67,82.9,0.001,100,4.17,rain,0,0,30,20.2,156.4,1009.5,71.5,5.4,162,13.9,8,60,2024-03-05T06:42:08,2024-03-05T18:23:56,0.84,"Rain, Partially cloudy",Partly cloudy throughout the day with early morning rain.,rain,"KHOU,72059400188,KIAH,KMCJ,72244012918,72243012960,D0326"
"Houston,TX",2024-03-06,79,64.5,70,79,64.5,70,63.7,82.6,0,0,0,,0,0,19.7,13.2,146.2,1011.6,62.6,5.4,161,13.7,8,10,2024-03-06T06:41:00,2024-03-06T18:24:35,0.88,Partially cloudy,Partly cloudy throughout the day.,partly-cloudy-day,"KHOU,72059400188,KMCJ,72244012918,D0326"
"Houston,TX",2024-03-07,77.3,62.8,69.2,77.3,62.8,69.2,64.2,86,0.052,100,16.67,rain,0,0,31.5,23.1,143.6,1008.6,76.3,5.2,69.3,5.8,3,10,2024-03-07T06:39:52,2024-03-07T18:25:15,0.91,"Rain, Partially cloudy",Partly cloudy throughout the day with late afternoon rain.,rain,"KHOU,72059400188,KMCJ,72244012918,D0326"
"Houston,TX",2024-03-08,81.1,68.2,74.1,83.8,68.2,74.5,67.7,82.4,0.1,100,20.83,rain,0,0,23,20.1,83.6,1006.2,71.9,5.1,90.5,7.8,7,60,2024-03-08T06:38:43,2024-03-08T18:25:54,0.95,"Rain, Partially cloudy",Partly cloudy throughout the day with a chance of rain throughout the day.,rain,"KHOU,72059400188,KMCJ,72244012918,D0326"
"Houston,TX",2024-03-09,66.4,48.6,56.7,66.4,42.1,56.4,46.4,69.2,0,0,0,,0,0,36.7,21.8,342,1017.2,58.2,9.6,104.7,9.2,7,10,2024-03-09T06:37:34,2024-03-09T18:26:32,0.98,Partially cloudy,Partly cloudy throughout the day.,partly-cloudy-day,"KHOU,72059400188,KMCJ,72244012918,D0326"
"Houston,TX",2024-03-10,66.5,48.4,58.2,66.5,44.9,57.7,36.8,48.6,0,0,0,,0,0,16.1,11.1,23.7,1023.3,11.9,9.6,119.5,9.8,6,10,2024-03-10T07:36:24,2024-03-10T19:27:11,0,Clear,Clear conditions throughout the day.,clear-day,"KHOU,72059400188,KMCJ,72244012918,D0326"
"Houston,TX",2024-03-11,69.9,55.6,62,69.9,55.6,62,47.4,59.4,0,0,0,,0,0,24.2,15.4,134.6,1022.8,71.6,9.5,175.5,14.9,9,10,2024-03-11T07:35:14,2024-03-11T19:27:49,0.04,Partially cloudy,Partly cloudy throughout the day.,partly-cloudy-day,"KHOU,72059400188,KMCJ,72244012918,D0326"
"Houston,TX",2024-03-12,73.8,58.7,66,73.8,58.7,66,58.8,78.9,0,0,0,,0,0,26.4,20.3,155.3,1017.6,88.9,9.2,79.4,6.9,5,10,2024-03-12T07:34:04,2024-03-12T19:28:27,0.08,Partially cloudy,Partly cloudy throughout the day.,partly-cloudy-day,"KHOU,72059400188,KIAH,KMCJ,72244012918,D0326"
"Houston,TX",2024-03-13,77.3,66.2,71.1,77.3,66.2,71.1,67.4,88.6,0.011,100,4.17,rain,0,0,28.9,20.4,161.8,1011.6,97.6,5.9,90.4,7.7,7,60,2024-03-13T07:32:53,2024-03-13T19:29:04,0.11,"Rain, Overcast",Cloudy skies throughout the day with morning rain.,rain,"KHOU,72059400188,KMCJ,72244012918,D0326"
"Houston,TX",2024-03-14,79.2,71.8,74.4,79.2,71.8,74.4,70.7,88.6,0,0,0,,0,0,33.1,25.3,152.8,1010.1,94.1,4.7,100,8.5,8,60,2024-03-14T07:31:42,2024-03-14T19:29:42,0.15,Overcast,Cloudy skies throughout the day.,cloudy,"KHOU,72059400188,KIAH,KMCJ,72244012918,72243012960,D0326"
"Houston,TX",2024-03-15,82.4,66.4,73.1,86.2,66.4,73.3,69.6,89.3,1.426,100,12.5,rain,0,0,53,20.4,139.5,1013,80.3,4.6,74.8,6.6,10,60,2024-03-15T07:30:31,2024-03-15T19:30:19,0.18,"Rain, Partially cloudy",Partly cloudy throughout the day with rain.,rain,"KHOU,72059400188,KIAH,KMCJ,72244012918,D0326"
"Houston,TX",2024-03-16,70.2,64.6,66.9,70.2,64.6,66.9,65.2,94.4,0.045,100,8.33,rain,0,0,33,20.8,105.2,1013.7,98.2,6,37.5,3.2,1,10,2024-03-16T07:29:20,2024-03-16T19:30:56,0.25,"Rain, Overcast",Cloudy skies throughout the day with early morning rain.,rain,"KHOU,72059400188,KMCJ,72244012918,D0326"
"Houston,TX",2024-03-17,75.1,64.6,69.2,75.1,64.6,69.2,65,87,0.541,100,41.67,rain,0,0,28.9,20.4,44.9,1011.6,69.7,6.9,57.8,5,3,30,2024-03-17T07:28:08,2024-03-17T19:31:33,0.25,"Rain, Partially cloudy",Partly cloudy throughout the day with a chance of rain throughout the day.,rain,"KHOU,72059400188,KMCJ,72244012918,D0326"
"Houston,TX",2024-03-18,68.3,59.3,63.3,68.3,59.3,63.3,40.5,48.9,0,0,0,,0,0,33.1,22.9,20.8,1020.1,42.9,9.9,131.8,11.5,9,10,2024-03-18T07:26:57,2024-03-18T19:32:10,0.28,Partially cloudy,Clearing in the afternoon.,partly-cloudy-day,"KHOU,72059400188,KIAH,KMCJ,72244012918,72243012960,D0326"
"Houston,TX",2024-03-19,62.8,48.4,56.8,62.8,43.6,56.5,32,40.3,0,0,0,,0,0,20.9,12.9,73.3,1022.6,26.2,9.9,95.1,8.3,6,10,2024-03-19T07:25:45,2024-03-19T19:32:47,0.31,Partially cloudy,Partly cloudy throughout the day.,partly-cloudy-day,"KHOU,72059400188,KIAH,KMCJ,72244012918,72243012960,D0326"
"Houston,TX",2024-03-20,68.6,57,61.9,68.6,57,61.9,49,63.1,0.015,100,4.17,rain,0,0,18.3,16,145.5,1018.1,99.1,9.6,76.5,6.4,3,10,2024-03-20T07:24:33,2024-03-20T19:33:23,0.35,"Rain, Overcast",Cloudy skies throughout the day with late afternoon rain.,rain,"KHOU,72059400188,KIAH,KMCJ,72244012918,72243012960,D0326"
"Houston,TX",2024-03-21,67.4,60.8,63.8,67.4,60.8,63.8,60.5,89.5,1.189,100,45.83,rain,0,0,38.4,22.4,117,1012.5,98.7,7.1,33.9,2.9,3,10,2024-03-21T07:23:21,2024-03-21T19:33:59,0.38,"Rain, Overcast",Cloudy skies throughout the day with rain.,rain,"KHOU,72059400188,KIAH,KMCJ,72244012918,72243012960,D0326"
"Houston,TX",2024-03-22,75.5,58.7,64.7,75.5,58.7,64.7,57.1,78.6,0.282,100,12.5,rain,0,0,36.6,22.2,323.8,1010.2,57.7,8.8,194.9,16.8,9,10,2024-03-22T07:22:08,2024-03-22T19:34:36,0.41,"Rain, Partially cloudy",Clearing in the afternoon with rain clearing later.,rain,"KHOU,72059400188,KMCJ,72244012918,D0326"
"Houston,TX",2024-03-23,77.1,55.4,65.6,77.1,55.4,65.6,51.1,63.2,0,0,0,,0,0,27.7,15,357.6,1016.4,47.1,9.9,155.3,13.4,9,10,2024-03-23T07:20:56,2024-03-23T19:35:12,0.45,Partially cloudy,Clearing in the afternoon.,partly-cloudy-day,"KHOU,72059400188,KMCJ,72244012918,D0326"
"Houston,TX",2024-03-24,70.2,62.6,66.5,70.2,62.6,66.5,59.2,77.7,0,0,0,,0,0,42.2,24.6,139.4,1008,92.6,9.5,61.3,5.2,2,10,2024-03-24T07:19:44,2024-03-24T19:35:48,0.48,Overcast,Cloudy skies throughout the day.,cloudy,"KHOU,72059400188,KMCJ,72244012918,D0326"
"Houston,TX",2024-03-25,75.5,65.9,69.2,75.5,65.9,69.2,60.1,76.1,0.078,100,12.5,rain,0,0,27,21.2,137.7,1000.6,67.3,5.9,89.8,7.7,5,10,2024-03-25T07:18:32,2024-03-25T19:36:24,0.5,"Rain, Partially cloudy",Partly cloudy throughout the day with rain in the morning and afternoon.,rain,"KHOU,72059400188,KMCJ,72244012918,D0326"
"Houston,TX",2024-03-26,70,53.9,62.3,70,53.9,62.3,41.4,48.4,0,0,0,,0,0,25.4,18,350.3,1010.7,24.4,9.8,171.6,15,9,10,2024-03-26T07:17:20,2024-03-26T19:37:00,0.55,Partially cloudy,Clearing in the afternoon.,partly-cloudy-day,"KHOU,72059400188,KIAH,KMCJ,72244012918,72243012960,D0326"
"Houston,TX",2024-03-27,66.4,51.8,59.5,66.4,51.8,59.5,41.8,52.5,0.001,100,4.17,rain,0,0,19.5,15.8,34.6,1017.2,21.2,9.9,56.4,4.8,2,10,2024-03-27T07:16:08,2024-03-27T19:37:36,0.58,"Rain, Partially cloudy",Partly cloudy throughout the day with afternoon rain.,rain,"KHOU,72059400188,KMCJ,72244012918,D0326"
"Houston,TX",2024-03-28,75,54.9,63.8,75,54.9,63.8,48.5,59.5,0,0,0,,0,0,19.7,21.1,143.2,1022,22,9.6,135.9,11.8,9,10,2024-03-28T07:14:56,2024-03-28T19:38:11,0.62,Partially cloudy,Partly cloudy throughout the day.,partly-cloudy-day,"KHOU,72059400188,KIAH,KMCJ,72244012918,72243012960,D0326"
"Houston,TX",2024-03-29,73.9,58.8,66.1,73.9,58.8,66.1,52.7,65.5,0,0,0,,0,0,35.2,24.3,152.7,1018.3,22.1,9.8,106.3,9.2,7,10,2024-03-29T07:13:44,2024-03-29T19:38:47,0.65,Partially cloudy,Partly cloudy throughout the day.,partly-cloudy-day,"KHOU,72059400188,KMCJ,72244012918,D0326"
"Houston,TX",2024-03-30,75.4,62.8,69.2,75.4,62.8,69.2,60.8,75.6,0,0,0,,0,0,25.3,18.8,158.3,1015,87.4,9.1,54,4.7,2,10,2024-03-30T07:12:33,2024-03-30T19:39:23,0.69,Partially cloudy,Partly cloudy throughout the day.,partly-cloudy-day,"KHOU,72059400188,KIAH,KMCJ,72244012918,72243012960,D0326"
"Houston,TX",2024-03-31,79,68,72.2,79,68,72.2,68.1,87.6,0,0,0,,0,0,28.3,21.2,161.3,1012.2,88.5,4.7,79.7,7,3,10,2024-03-31T07:11:21,2024-03-31T19:39:59,0.72,Partially cloudy,Partly cloudy throughout the day.,partly-cloudy-day,"KHOU,72059400188,KIAH,KMCJ,72244012918,72243012960,D0326"
"Houston,TX",2024-04-01,79,71.9,75.2,79,71.9,75.2,70.4,85.6,0,0,0,,0,0,34.6,24.7,169.8,1007.7,75.5,3.7,105.1,9.3,8,15,2024-04-01T07:10:10,2024-04-01T19:40:34,0.75,Partially cloudy,Partly cloudy throughout the day.,partly-cloudy-day,"KHOU,72059400188,KMCJ,72244012918,D0326"
"Houston,TX",2024-04-02,82.7,62.8,74.2,80.4,62.8,74.1,53.1,52.1,0,0,0,,0,0,39.1,28.5,324.6,1008.1,50.7,7.4,175.8,15.1,9,30,2024-04-02T07:08:59,2024-04-02T19:41:10,0.79,Partially cloudy,Clearing in the afternoon.,partly-cloudy-day,"KHOU,72059400188,KMCJ,72244012918,D0326"
"Houston,TX",2024-04-03,75.4,55.4,65.3,75.4,55.4,65.3,40,42.3,0,0,0,,0,0,32.6,23.3,307.8,1013.8,26.2,9.3,167.5,14.6,9,10,2024-04-03T07:07:49,2024-04-03T19:41:46,0.83,Partially cloudy,Partly cloudy throughout the day.,partly-cloudy-day,"KHOU,72059400188,KIAH,KMCJ,72244012918,D0326"
"Houston,TX",2024-04-04,82.6,62,71.7,80.2,62,71.3,39.8,33.2,0,0,0,,0,0,18.3,14.3,237.6,1014.8,2.9,9.3,176.5,15.4,9,10,2024-04-04T07:06:38,2024-04-04T19:42:22,0.86,Clear,Clear conditions throughout the day.,clear-day,"KHOU,72059400188,KMCJ,72244012918,D0326"
"Houston,TX",2024-04-05,82.8,63.6,72.1,81.3,63.6,71.8,52.7,54.8,0,0,0,,0,0,25.3,17.2,215.1,1016.2,5.9,9.2,171,14.7,10,10,2024-04-05T07:05:28,2024-04-05T19:42:58,0.89,Clear,Clear conditions throughout the day.,clear-day,"KHOU,72059400188,KMCJ,72244012918,D0326"
"Houston,TX",2024-04-06,75.5,64.4,70.2,75.5,64.4,70.2,63.8,81.8,0,0,0,,0,0,40.7,26,150.3,1013.8,49.7,5.8,73.8,6.2,4,10,2024-04-06T07:04:18,2024-04-06T19:43:34,0.93,Partially cloudy,Partly cloudy throughout the day.,partly-cloudy-day,"KHOU,72059400188,KMCJ,72244012918,D0326"
"Houston,TX",2024-04-07,84.1,69.9,74.9,86.6,69.9,75.5,68.8,82.4,0,0,0,,0,0,25.3,20.1,169.9,1011.7,64.2,4.2,139.6,12,8,30,2024-04-07T07:03:09,2024-04-07T19:44:10,0.96,Partially cloudy,Partly cloudy throughout the day.,partly-cloudy-day,"KHOU,72059400188,KMCJ,72244012918,D0326"
"Houston,TX",2024-04-08,77.2,71.9,74.2,77.2,71.9,74.2,71.9,93,0.013,100,8.33,rain,0,0,35.8,28.9,150.2,1010.7,81.5,2.6,37.5,3.1,2,60,2024-04-08T07:02:00,2024-04-08T19:44:46,0,"Rain, Partially cloudy",Partly cloudy throughout the day with late afternoon rain.,rain,"KHOU,72059400188,KIAH,KMCJ,72244012918,72243012960,D0326"
"Houston,TX",2024-04-09,78.9,71.9,74.4,78.9,71.9,74.4,70.9,89.2,0.052,100,25,rain,0,0,51,28.9,156.9,1005.5,94.5,3.1,48.3,4.3,2,60,2024-04-09T07:00:52,2024-04-09T19:45:22,0.03,"Rain, Overcast",Cloudy skies throughout the day with rain.,rain,"KHOU,72059400188,KIAH,KMCJ,72244012918,D0326"
"Houston,TX",2024-04-10,73.6,64.5,69,73.6,64.5,69,61.7,79.3,0.843,100,29.17,rain,0,0,39.5,28.3,305.4,1004.5,84.3,7.3,158.1,13.7,9,60,2024-04-10T06:59:44,2024-04-10T19:45:58,0.06,"Rain, Partially cloudy",Partly cloudy throughout the day with rain clearing later.,rain,"KHOU,72059400188,KIAH,KMCJ,72244012918,D0326"
"Houston,TX",2024-04-11,79.2,59,69.3,79.2,59,69.3,42.4,40.9,0,0,0,,0,0,31.7,23,318.6,1015.2,17,9.5,187.3,16.4,9,10,2024-04-11T06:58:36,2024-04-11T19:46:34,0.1,Clear,Clear conditions throughout the day.,clear-day,"KHOU,72059400188,KIAH,KMCJ,72244012918,72243012960,D0326"
"Houston,TX",2024-04-12,80.8,64,71.4,79.1,64,71.2,41,35.1,0,0,0,,0,0,23,13.6,124.9,1023.2,3.8,9.5,202.7,17.6,10,10,2024-04-12T06:57:29,2024-04-12T19:47:10,0.13,Clear,Clear conditions throughout the day.,clear-day,"KHOU,72059400188,KMCJ,72244012918,D0326"
"Houston,TX",2024-04-13,79.2,62.1,70,79.2,62.1,70,55,61.1,0,0,0,,0,0,31.2,23.4,157.9,1022.5,12.1,9.6,154.8,13.4,7,10,2024-04-13T06:56:23,2024-04-13T19:47:47,0.16,Clear,Clear conditions throughout the day.,clear-day,"KHOU,72059400188,KMCJ,72244012918,D0326"
"Houston,TX",2024-04-14,79.3,66.1,72,79.3,66.1,72,64,77.5,0,0,0,,0,0,28.9,19.2,163.9,1017.3,83.7,8,152.5,13.3,9,10,2024-04-14T06:55:17,2024-04-14T19:48:23,0.2,Partially cloudy,Partly cloudy throughout the day.,partly-cloudy-day,"KHOU,72059400188,KIAH,KMCJ,72244012918,D0326"
"Houston,TX",2024-04-15,77.2,68.1,72.8,77.2,68.1,72.8,67.6,84.3,0,0,0,,0,0,36.9,21.7,149.2,1013,96.8,7.4,102,8.7,6,10,2024-04-15T06:54:12,2024-04-15T19:49:00,0.25,Overcast,Cloudy skies throughout the day.,cloudy,"KHOU,72059400188,KMCJ,72244012918,D0326"
"Houston,TX",2024-04-16,79.2,71.8,75.2,79.2,71.8,75.2,69.8,83.9,0,0,0,,0,0,36.6,22.1,149.6,1011.5,90.9,7.6,174.4,15,7,15,2024-04-16T06:53:07,2024-04-16T19:49:37,0.26,Overcast,Cloudy skies throughout the day.,cloudy,"KHOU,72059400188,KMCJ,72244012918,D0326"
"Houston,TX",2024-04-17,80.8,71.9,75.7,83.5,71.9,75.9,70.2,83.9,0,0,0,,0,0,25.3,15.5,147.6,1013.7,73,6.5,80.8,6.9,4,30,2024-04-17T06:52:03,2024-04-17T19:50:14,0.29,Partially cloudy,Partly cloudy throughout the day.,partly-cloudy-day,"KHOU,72059400188,KMCJ,72244012918,D0326"
"Houston,TX",2024-04-18,82.7,73.6,76.5,85.8,73.6,77.2,70.6,83.4,0,0,0,,0,0,30,21.2,151.9,1013.7,69.7,7,210.5,18.2,10,30,2024-04-18T06:51:00,2024-04-18T19:50:51,0.33,Partially cloudy,Partly cloudy throughout the day.,partly-cloudy-day,"KHOU,72059400188,KMCJ,72244012918,D0326"
"Houston,TX",2024-04-19,84.2,73.3,77.4,88.4,73.3,79.1,71.4,82.8,0,0,0,,0,0,21.9,14.2,131.8,1014.9,81.9,6.6,77.5,6.8,3,60,2024-04-19T06:49:57,2024-04-19T19:51:28,0.36,Partially cloudy,Partly cloudy throughout the day.,partly-cloudy-day,"KHOU,72059400188,KIAH,KMCJ,72244012918,D0326"
"Houston,TX",2024-04-20,81.1,61.2,74.1,84.5,61.2,74.9,69.5,86.2,0,0,0,,0,0,34.2,25.7,117.7,1015.1,79.5,7.3,72.8,6.2,4,30,2024-04-20T06:48:55,2024-04-20T19:52:05,0.39,Partially cloudy,Partly cloudy throughout the day.,partly-cloudy-day,"KHOU,72059400188,KMCJ,72244012918,D0326"
"Houston,TX",2024-04-21,68.4,53.9,61.6,68.4,53.9,61.6,51.5,72.4,0.018,100,12.5,rain,0,0,36.6,23.6,18.7,1020.5,66,9.3,164.4,14.2,10,10,2024-04-21T06:47:54,2024-04-21T19:52:42,0.43,"Rain, Partially cloudy",Partly cloudy throughout the day with early morning rain.,rain,"KHOU,72059400188,KMCJ,72244012918,D0326"
"Houston,TX",2024-04-22,70,55.3,63.4,70,55.3,63.4,42.8,49,0,0,0,,0,0,23,15.6,96.5,1022.4,18.5,9.9,182.1,15.7,10,10,2024-04-22T06:46:54,2024-04-22T19:53:20,0.46,Clear,Clear conditions throughout the day.,clear-day,"KHOU,72059400188,KMCJ,72244012918,D0326"
"Houston,TX",2024-04-23,75.4,58.8,67.9,75.4,58.8,67.9,57,68.5,0,0,0,,0,0,26.4,19,154.9,1018.1,62,9.9,94,8.2,4,10,2024-04-23T06:45:54,2024-04-23T19:53:57,0.5,Partially cloudy,Partly cloudy throughout the day.,partly-cloudy-day,"KHOU,72059400188,KMCJ,72244012918,D0326"
"Houston,TX",2024-04-24,82.6,68.1,74.2,84.2,68.1,74.6,65.8,76.5,0,0,0,,0,0,22.6,15.9,136.6,1018.2,70.2,9.8,133.4,11.6,10,30,2024-04-24T06:44:55,2024-04-24T19:54:35,0.53,Partially cloudy,Partly cloudy throughout the day.,partly-cloudy-day,"KHOU,72059400188,KIAH,KMCJ,72244012918,D0326"
"Houston,TX",2024-04-25,79,68,73.2,79,68,73.2,69.4,88.5,0,0,0,,0,0,31.4,26.9,148.9,1015.5,81.1,7.4,64.4,5.5,3,30,2024-04-25T06:43:57,2024-04-25T19:55:13,0.56,Partially cloudy,Partly cloudy throughout the day.,partly-cloudy-day,"KHOU,72059400188,KMCJ,72244012918,D0326"
"Houston,TX",2024-04-26,80.8,71.9,75.7,84.2,71.9,75.9,70.4,83.8,0,0,0,,0,0,40.3,29.9,159.1,1010.4,90.8,6.3,65.4,5.6,2,60,2024-04-26T06:43:00,2024-04-26T19:55:51,0.6,Overcast,Cloudy skies throughout the day.,cloudy,"KHOU,72059400188,KIAH,KMCJ,72244012918,D0326"
"Houston,TX",2024-04-27,80.8,75.3,77,84.8,75.3,77.4,71,81.9,0,0,0,,0,0,38.4,28.2,146,1010.9,95.5,4,81.6,7.1,3,75,2024-04-27T06:42:04,2024-04-27T19:56:28,0.63,Overcast,Cloudy skies throughout the day.,cloudy,"KHOU,72059400188,KIAH,KMCJ,72244012918,D0326"
"Houston,TX",2024-04-28,81,73.6,76.5,85.1,73.6,77,71,83.3,0.003,100,4.17,rain,0,0,39.1,27.3,142.9,1009.8,93.7,4.9,85.8,7.5,7,75,2024-04-28T06:41:09,2024-04-28T19:57:07,0.67,"Rain, Overcast",Cloudy skies throughout the day with late afternoon rain.,rain,"KHOU,72059400188,KMCJ,72244012918,D0326"
"Houston,TX",2024-04-29,79,68.1,74.2,79,68.1,74.2,69.5,86.1,0.124,100,33.33,rain,0,0,31.4,22.6,132.5,1011.1,72.6,7.8,96,8.3,5,60,2024-04-29T06:40:15,2024-04-29T19:57:45,0.7,"Rain, Partially cloudy",Partly cloudy throughout the day with rain clearing later.,rain,"KHOU,72059400188,KIAH,KMCJ,72244012918,D0326"
"Houston,TX",2024-04-30,84.4,67.7,75.1,87.7,67.7,75.8,67.1,78.5,0,0,0,,0,0,18.3,13.2,126.5,1012.8,50,8.7,159.1,13.7,8,60,2024-04-30T06:39:21,2024-04-30T19:58:23,0.74,Partially cloudy,Partly cloudy throughout the day.,partly-cloudy-day,"KHOU,72059400188,KIAH,KMCJ,72244012918,72243012960,D0326"
"Houston,TX",2024-05-01,80.9,69.9,76.1,85.1,69.9,77.4,71.1,85.4,0,0,0,,0,0,30,21.1,131.2,1010.6,93.2,9,68.5,5.9,3,75,2024-05-01T06:38:29,2024-05-01T19:59:01,0.75,Overcast,Cloudy skies throughout the day.,cloudy,"KHOU,72059400188,KIAH,KMCJ,72244012918,72243012960,D0326"
"Houston,TX",2024-05-02,80.6,68.2,74.5,83.4,68.2,74.7,71,89.5,0.132,100,29.17,rain,0,0,35.8,22.9,135.7,1008.1,79,7,48.6,4.2,5,30,2024-05-02T06:37:38,2024-05-02T19:59:39,0.81,"Rain, Partially cloudy",Partly cloudy throughout the day with a chance of rain throughout the day.,rain,"KHOU,72059400188,KIAH,KMCJ,72244012918,D0326"
"Houston,TX",2024-05-03,78.9,68.1,74.6,78.9,68.1,74.6,69.5,85.1,0.048,100,29.17,rain,0,0,35,21.2,121.1,1010.6,85.1,7.9,49,4.4,2,60,2024-05-03T06:36:48,2024-05-03T20:00:18,0.84,"Rain, Partially cloudy",Partly cloudy throughout the day with rain in the morning and afternoon.,rain,"KHOU,72059400188,KIAH,KMCJ,72244012918,72243012960,D0326"
"Houston,TX",2024-05-04,82.7,69.8,76.3,87.3,69.8,77.3,70.2,82.5,0.001,100,4.17,rain,0,0,28.3,22.4,123.7,1012.2,73.5,9,155,13.4,9,60,2024-05-04T06:35:58,2024-05-04T20:00:56,0.88,"Rain, Partially cloudy",Partly cloudy throughout the day with early morning rain.,rain,"KHOU,72059400188,KIAH,KMCJ,72244012918,D0326"
"Houston,TX",2024-05-05,77.2,73.7,75.2,77.2,73.7,75.2,72.3,90.7,0.046,100,45.83,rain,0,0,40.9,31.7,143.6,1011.7,77.5,8.4,23,2,2,30,2024-05-05T06:35:10,2024-05-05T20:01:35,0.91,"Rain, Partially cloudy",Partly cloudy throughout the day with rain.,rain,"KHOU,72059400188,KIAH,KMCJ,72244012918,D0326"
"Houston,TX",2024-05-06,82.8,73.6,78.1,87.6,73.6,79.8,72.9,85.1,0,0,0,,0,0,34,23.1,143.4,1009.5,94.3,6.9,177.2,15.4,9,60,2024-05-06T06:34:23,2024-05-06T20:02:13,0.95,Overcast,Cloudy skies throughout the day.,cloudy,"KHOU,72059400188,KIAH,KMCJ,72244012918,D0326"
"Houston,TX",2024-05-07,84.5,77.2,79.6,92.8,77.2,82.1,74.8,85.8,0,0,0,,0,0,27.7,19.1,161.7,1006.5,89.5,5.9,139.8,12,8,100,2024-05-07T06:33:37,2024-05-07T20:02:51,0,Partially cloudy,Partly cloudy throughout the day.,partly-cloudy-day,"KHOU,72059400188,KIAH,KMCJ,72244012918,72243012960,D0326"
"Houston,TX",2024-05-08,86,77.2,80.5,95.3,77.2,84.1,75.1,84.2,0,0,0,,0,0,29.5,20,157.2,1003.9,90.9,5.8,91.8,8,4,75,2024-05-08T06:32:53,2024-05-08T20:03:30,0.02,Overcast,Cloudy skies throughout the day.,cloudy,"KHOU,72059400188,KIAH,KMCJ,72244012918,D0326"
"Houston,TX",2024-05-09,86.1,77.2,80.9,97.3,77.2,85.2,76.5,87.2,0,0,0,,0,0,21.9,15.5,134.8,1005.7,82.7,3.3,106,9,5,100,2024-05-09T06:32:09,2024-05-09T20:04:08,0.05,Partially cloudy,Partly cloudy throughout the day.,partly-cloudy-day,"KHOU,72059400188,KIAH,KMCJ,72244012918,D0326"
"Houston,TX",2024-05-10,86.4,73.5,79.4,88.8,73.5,80.2,67.6,69.1,0,0,0,,0,0,38.5,23.8,49.3,1010.6,32.2,8.8,157.3,13.6,10,75,2024-05-10T06:31:27,2024-05-10T20:04:47,0.08,Partially cloudy,Clearing in the afternoon.,partly-cloudy-day,"KHOU,72059400188,KIAH,KMCJ,72244012918,D0326"
"Houston,TX",2024-05-11,79.2,71.8,75.8,79.2,71.8,75.8,61.1,60.6,0,0,0,,0,0,27.2,17.6,91.8,1012.7,82.7,9.9,59.1,5.1,3,10,2024-05-11T06:30:45,2024-05-11T20:05:25,0.12,Partially cloudy,Partly cloudy throughout the day.,partly-cloudy-day,"KHOU,72059400188,KIAH,KMCJ,72244012918,D0326"
"Houston,TX",2024-05-12,82.6,68.7,75.2,88.3,68.7,76.3,70,84.3,0.047,100,12.5,rain,0,0,33.3,22,125.5,1008.5,92.8,7.3,41.7,3.6,4,60,2024-05-12T06:30:05,2024-05-12T20:06:03,0.15,"Rain, Overcast",Cloudy skies throughout the day with rain in the morning and afternoon.,rain,"KHOU,72059400188,KIAH,KMCJ,72244012918,D0326"
"Houston,TX",2024-05-13,87.6,69.8,76.2,97.5,69.8,77.9,72.7,89.4,0.154,100,20.83,rain,0,0,30.7,17.6,192.7,1006.3,74,4.8,36.6,3.1,4,100,2024-05-13T06:29:27,2024-05-13T20:06:41,0.18,"Rain, Partially cloudy",Partly cloudy throughout the day with rain.,rain,"KHOU,72059400188,KIAH,KMCJ,72244012918,D0326"
"Houston,TX",2024-05-14,88,67.8,77.5,86,67.8,77.2,61.1,61.6,0,0,0,,0,0,25.4,17.7,303.6,1008.4,17.1,9.1,209.5,18.1,10,30,2024-05-14T06:28:49,2024-05-14T20:07:19,0.21,Clear,Clear conditions throughout the day.,clear-day,"KHOU,72059400188,KIAH,KMCJ,72244012918,72243012960,D0326"
"Houston,TX",2024-05-15,91.4,72.7,81.4,93.2,72.7,82.1,63.3,56.1,0,0,0,,0,0,19.7,16.6,133.7,1009.4,10.1,9.7,215.1,18.6,9,10,2024-05-15T06:28:13,2024-05-15T20:07:57,0.25,Clear,Clear conditions throughout the day.,clear-day,"KHOU,72059400188,KIAH,KMCJ,72244012918,D0326"
"Houston,TX",2024-05-16,81,68.3,75.9,87.6,68.3,77.4,71.2,85.6,0.119,100,16.67,rain,0,0,69.2,26.9,121.6,1005.9,72,8.6,36.3,3.1,3,100,2024-05-16T06:27:38,2024-05-16T20:08:34,0.28,"Rain, Partially cloudy",Partly cloudy throughout the day with rain.,rain,"KHOU,72059400188,E6288,KIAH,KMCJ,72244012918,D0326"
"Houston,TX",2024-05-17,71.9,66.6,69.8,71.9,66.6,69.8,67.6,93,0.038,100,25,rain,0,0,26.4,15.9,46.8,1007.3,93.1,9.2,13.3,1.3,1,30,2024-05-17T06:27:04,2024-05-17T20:09:12,0.31,"Rain, Overcast",Cloudy skies throughout the day with rain.,rain,"KHOU,72059400188,E6288,KIAH,KMCJ,72244012918,72243012960,D0326"
"Houston,TX",2024-05-18,89.6,68.1,77.5,95,68.1,80,70.6,81.6,0,0,0,,0,0,15,12.1,148.7,1010.8,62.9,5.9,77.9,6.7,6,75,2024-05-18T06:26:32,2024-05-18T20:09:49,0.34,Partially cloudy,Partly cloudy throughout the day.,partly-cloudy-day,"KHOU,72059400188,KIAH,KMCJ,72244012918,72243012960,D0326"
"Houston,TX",2024-05-19,89.8,73.3,81.6,92.5,73.3,82.8,68.7,68.1,0,0,0,,0,0,20.8,15.5,140,1012.9,17.5,9.5,21,1.7,2,60,2024-05-19T06:26:01,2024-05-19T20:10:26,0.37,Clear,Clear conditions throughout the day.,clear-day,"KHOU,72059400188,KIAH,KMCJ,72244012918,72243012960,D0326"
"Houston,TX",2024-05-20,89.6,73.3,80.5,96.5,73.3,82.9,71.4,75.8,0,0,0,,0,0,24.2,18.8,139.7,1010.6,40.8,9.7,56.5,4.9,6,30,2024-05-20T06:25:31,2024-05-20T20:11:02,0.41,Partially cloudy,Partly cloudy throughout the day.,partly-cloudy-day,"KHOU,72059400188,KIAH,KMCJ,72244012918,D0326"
"Houston,TX",2024-05-21,88.1,79,82.5,99.9,79,88.1,76.4,82.6,0,0,0,,0,0,26.2,18.9,149.7,1009.5,84.4,8.1,133.2,11.6,8,75,2024-05-21T06:25:03,2024-05-21T20:11:39,0.44,Partially cloudy,Partly cloudy throughout the day.,partly-cloudy-day,"KHOU,72059400188,KIAH,KMCJ,72244012918,72243012960,D0326"
"Houston,TX",2024-05-22,88,79,82.2,98,79,87.6,76.2,82.6,0,0,0,,0,0,31,20.4,145.3,1010.4,89.6,9.2,122.2,10.6,6,100,2024-05-22T06:24:36,2024-05-22T20:12:15,0.47,Partially cloudy,Partly cloudy throughout the day.,partly-cloudy-day,"KHOU,72059400188,KIAH,KMCJ,72244012918,72243012960,D0326"
"Houston,TX",2024-05-23,89.8,79,83.1,98.6,79,88.3,74.8,77.2,0,0,0,,0,0,31.3,21.2,145.4,1010.2,69.9,9.6,110,9.5,8,75,2024-05-23T06:24:11,2024-05-23T20:12:50,0.5,Partially cloudy,Partly cloudy throughout the day.,partly-cloudy-day,"KHOU,72059400188,E6288,KIAH,KMCJ,72244012918,D0326"
"Houston,TX",2024-05-24,88.3,79,83,98.4,79,88.2,75.7,79.8,0,0,0,,0,0,30.6,21.2,153.7,1008.4,69.8,9.5,173.4,15,8,75,2024-05-24T06:23:46,2024-05-24T20:13:26,0.54,Partially cloudy,Partly cloudy throughout the day.,partly-cloudy-day,"KHOU,72059400188,KIAH,KMCJ,72244012918,D0326"
"Houston,TX",2024-05-25,91.6,78.8,83.6,103,78.8,90,76.6,81.1,0,0,0,,0,0,25.3,17,154.4,1008.8,62.5,8.3,216.1,18.5,8,75,2024-05-25T06:23:23,2024-05-25T20:14:01,0.58,Partially cloudy,Partly cloudy throughout the day.,partly-cloudy-day,"KHOU,72059400188,KIAH,KMCJ,72244012918,D0326"
"Houston,TX",2024-05-26,89.9,80.7,84.1,102.7,86.6,92.7,76.2,77.8,0,0,0,,0,0,29.4,21,166.3,1007.8,86.8,7.9,175.3,15.2,8,100,2024-05-26T06:23:02,2024-05-26T20:14:35,0.61,Partially cloudy,Partly cloudy throughout the day.,partly-cloudy-day,"KHOU,72059400188,KIAH,KMCJ,72244012918,D0326"
"Houston,TX",2024-05-27,96.7,80.5,85.7,111,87.8,97.5,78.7,81.1,0,0,0,,0,0,21.9,13.6,149.9,1011.3,77.6,5.2,105.6,9.3,4,100,2024-05-27T06:22:42,2024-05-27T20:15:09,0.65,Partially cloudy,Partly cloudy throughout the day.,partly-cloudy-day,"KHOU,72059400188,KIAH,KMCJ,72244012918,D0326"
"Houston,TX",2024-05-28,89.6,68.3,78.4,100.4,68.3,82.9,73.6,85.8,0.176,100,12.5,rain,0,0,57,35.8,106.1,1015.3,64.8,8.5,51,4.5,2,100,2024-05-28T06:22:23,2024-05-28T20:15:42,0.68,"Rain, Partially cloudy",Partly cloudy throughout the day with afternoon rain.,rain,"KHOU,72059400188,KIAH,KMCJ,72244012918,D0326"
"Houston,TX",2024-05-29,87.6,70,77.4,95.8,70,80.4,72.1,84.4,0.016,100,12.5,rain,0,0,23,15.9,117.8,1016.4,83.7,9.3,139.6,12.1,7,75,2024-05-29T06:22:06,2024-05-29T20:16:15,0.72,"Rain, Partially cloudy",Partly cloudy throughout the day with rain.,rain,"KHOU,72059400188,KIAH,KMCJ,72244012918,72243012960,D0326"
"Houston,TX",2024-05-30,89.7,71.7,82,96.9,71.7,85.9,73.2,76.1,0.008,100,8.33,rain,0,0,30.9,19.4,134.9,1013.9,71.2,9.6,233.9,20.1,9,100,2024-05-30T06:21:50,2024-05-30T20:16:48,0.75,"Rain, Partially cloudy",Partly cloudy throughout the day with late afternoon rain.,rain,"KHOU,72059400188,KIAH,KMCJ,72244012918,D0326"
"Houston,TX",2024-05-31,83,66.4,74.9,85.7,66.4,75.4,68.1,80.8,0.183,100,25,rain,0,0,41.4,22.3,65.9,1012.5,65.9,9.3,149.9,12.9,9,75,2024-05-31T06:21:36,2024-05-31T20:17:20,0.79,"Rain, Partially cloudy",Partly cloudy throughout the day with rain in the morning and afternoon.,rain,"KHOU,72059400188,KIAH,KMCJ,72244012918,72243012960,D0326"
"Houston,TX",2024-06-01,88,73.7,80.7,99.9,73.7,85.1,73.9,80.9,0.02,100,8.33,rain,0,0,36.4,12.2,131,1013.3,67.8,9.4,125.8,10.8,8,100,2024-06-01T06:21:23,2024-06-01T20:17:51,0.83,"Rain, Partially cloudy",Partly cloudy throughout the day with afternoon rain.,rain,"KHOU,72059400188,KIAH,KMCJ,72244012918,72243012960,D0326"
"Houston,TX",2024-06-02,91.4,77.2,83,100.9,77.2,89,77,83.8,0.009,100,4.17,rain,0,0,28.9,20.7,138.9,1012.3,79.6,8.4,132.1,11.5,9,100,2024-06-02T06:21:11,2024-06-02T20:18:21,0.86,"Rain, Partially cloudy",Partly cloudy throughout the day with morning rain.,rain,"KHOU,72059400188,KIAH,KMCJ,72244012918,D0326"
"Houston,TX",2024-06-03,88.2,79.1,83.5,98.3,79.1,91,76.6,80.9,0,0,0,,0,0,31,27.4,153.3,1008.8,81.8,9.3,161.7,14,9,100,2024-06-03T06:21:01,2024-06-03T20:18:51,0.9,Partially cloudy,Partly cloudy throughout the day.,partly-cloudy-day,"KHOU,72059400188,KIAH,KMCJ,72244012918,72243012960,D0326"
"Houston,TX",2024-06-04,89.8,80.8,84.3,102.9,87.6,94.2,77.6,81.3,0,0,0,,0,0,30,22.2,153.1,1006.5,85.5,9.4,132.3,11.3,8,100,2024-06-04T06:20:52,2024-06-04T20:19:20,0.93,Partially cloudy,Partly cloudy throughout the day.,partly-cloudy-day,"KHOU,72059400188,KIAH,KMCJ,72244012918,D0326"
"Houston,TX",2024-06-05,84.2,70,79.1,93,70,83.4,72.5,81.4,0.06,100,16.67,rain,0,0,38.2,22.5,131.8,1007.9,68.2,9,87.3,7.5,7,100,2024-06-05T06:20:45,2024-06-05T20:19:48,0.97,"Rain, Partially cloudy",Partly cloudy throughout the day with rain in the morning and afternoon.,rain,"KHOU,72059400188,E6288,KIAH,KMCJ,72244012918,D0326"
"Houston,TX",2024-06-06,94.8,76.6,85.3,97.2,76.6,86.6,66.8,57.1,0,0,0,,0,0,15,13.3,39.7,1010.2,28.3,9.9,230.6,20,9,30,2024-06-06T06:20:39,2024-06-06T20:20:16,0,Partially cloudy,Clearing in the afternoon.,partly-cloudy-day,"KHOU,72059400188,E6288,KIAH,KMCJ,72244012918,72243012960,D0326"
"Houston,TX",2024-06-07,95,78.5,86.1,100,78.5,90.5,71.5,64,0,0,0,,0,0,16.1,14.3,136.8,1012.6,6.5,9.9,224.5,19.4,8,30,2024-06-07T06:20:34,2024-06-07T20:20:43,0.04,Clear,Clear conditions throughout the day.,clear-day,"KHOU,72059400188,KIAH,KMCJ,72244012918,D0326"
"Houston,TX",2024-06-08,91.6,78.6,84.6,97.3,78.6,89.4,72.7,69.5,0,0,0,,0,0,24.9,17.1,153.7,1012.4,4.3,9.9,229.8,19.8,9,30,2024-06-08T06:20:31,2024-06-08T20:21:09,0.07,Clear,Clear conditions throughout the day.,clear-day,"KHOU,72059400188,KIAH,KMCJ,72244012918,D0326"
"Houston,TX",2024-06-09,89.5,78.6,83.7,96.7,78.6,89.4,74.2,74.3,0,0,0,,0,0,26.4,17.4,154.3,1010.9,58.2,9.9,123.2,10.6,9,60,2024-06-09T06:20:29,2024-06-09T20:21:34,0.1,Partially cloudy,Partly cloudy throughout the day.,partly-cloudy-day,"KHOU,72059400188,KIAH,KMCJ,72244012918,D0326"
"Houston,TX",2024-06-10,93.2,75.4,83.8,100.9,75.4,88.6,73.6,73.4,0.081,100,20.83,rain,0,0,41.4,24,124.7,1009.8,51.4,9.6,118.8,10.5,8,30,2024-06-10T06:20:28,2024-06-10T20:21:58,0.13,"Rain, Partially cloudy",Partly cloudy throughout the day with rain.,rain,"KHOU,72059400188,KIAH,KMCJ,72244012918,72243012960,D0326"
"Houston,TX",2024-06-11,93,75.4,82,98.6,75.4,85.5,73,76,0.085,100,16.67,rain,0,0,42.5,16.4,73.4,1010.9,60.2,9.8,128.3,11.1,9,30,2024-06-11T06:20:29,2024-06-11T20:22:21,0.17,"Rain, Partially cloudy",Partly cloudy throughout the day with rain.,rain,"KHOU,72059400188,KIAH,KMCJ,72244012918,D0326"
"Houston,TX",2024-06-12,89.8,77.1,80.7,96.3,77.1,83,73,78.5,0.019,100,12.5,rain,0,0,12.8,13.7,102.3,1012.7,55.8,9.8,124.2,10.9,9,30,2024-06-12T06:20:31,2024-06-12T20:22:43,0.2,"Rain, Partially cloudy",Partly cloudy throughout the day with rain.,rain,"KHOU,72059400188,KIAH,KMCJ,72244012918,72243012960,D0326"
"Houston,TX",2024-06-13,91.5,78.7,84.5,100.7,78.7,89.7,74.1,72.5,0.001,100,4.17,rain,0,0,18.3,13.3,104.5,1012.6,69.5,9.1,175.4,15,9,30,2024-06-13T06:20:34,2024-06-13T20:23:04,0.23,"Rain, Partially cloudy",Partly cloudy throughout the day with afternoon rain.,rain,"KHOU,72059400188,KIAH,KMCJ,72244012918,D0326"
"Houston,TX",2024-06-14,94.8,80.4,86.4,97.4,85.7,91.3,71.2,63.5,0,0,0,,0,0,15,12,110.9,1012.9,44.4,9.7,212,18.5,9,30,2024-06-14T06:20:39,2024-06-14T20:23:24,0.25,Partially cloudy,Clearing in the afternoon.,partly-cloudy-day,"KHOU,72059400188,KIAH,KMCJ,72244012918,D0326"
"Houston,TX",2024-06-15,91.7,80.2,85.2,97.3,84.1,90.5,71.5,64.5,0,0,0,,0,0,23.4,20.5,138.7,1012.5,29,9.9,197.1,17.1,10,30,2024-06-15T06:20:45,2024-06-15T20:23:43,0.3,Partially cloudy,Becoming cloudy in the afternoon.,partly-cloudy-day,"KHOU,72059400188,KIAH,KMCJ,72244012918,72243012960,D0326"
"Houston,TX",2024-06-16,93.3,78.7,85.3,101.3,78.7,91,72.3,66.4,0,0,0,,0,0,27.6,20.2,133.7,1011,43.7,9.9,149,12.7,9,75,2024-06-16T06:20:52,2024-06-16T20:24:01,0.33,Partially cloudy,Partly cloudy throughout the day.,partly-cloudy-day,"KHOU,72059400188,KIAH,KMCJ,72244012918,72243012960,D0326"
"Houston,TX",2024-06-17,88.3,79.1,83.4,98.2,79.1,90.2,74.4,74.8,0.003,100,8.33,rain,0,0,43.7,25.3,130.5,1010.4,58.4,9.9,193.6,16.6,9,75,2024-06-17T06:21:01,2024-06-17T20:24:18,0.36,"Rain, Partially cloudy",Partly cloudy throughout the day with rain in the morning and afternoon.,rain,"KHOU,72059400188,KIAH,KMCJ,72244012918,D0326"
"Houston,TX",2024-06-18,88.1,73.9,81.8,96.4,73.9,86.4,72.3,73.5,0.023,100,8.33,rain,0,0,39.1,27.3,115.2,1010.2,65,9.6,144.3,12.3,9,30,2024-06-18T06:21:10,2024-06-18T20:24:34,0.39,"Rain, Partially cloudy",Partly cloudy throughout the day with afternoon rain.,rain,"KHOU,72059400188,KIAH,KMCJ,72244012918,D0326"
"Houston,TX",2024-06-19,79.3,75.5,77.8,79.3,75.5,77.8,75.9,93.8,0.153,100,70.83,rain,0,0,32.3,18.9,85.8,1012.1,95.1,8.3,25.2,2.2,1,30,2024-06-19T06:21:21,2024-06-19T20:24:49,0.42,"Rain, Overcast",Cloudy skies throughout the day with a chance of rain throughout the day.,rain,"KHOU,72059400188,KIAH,KMCJ,72244012918,72243012960,D0326"
"Houston,TX",2024-06-20,88.2,77.3,82.4,98.3,77.3,87.3,75.8,81.6,0.003,100,8.33,rain,0,0,35.1,29,102.6,1016.7,81.7,9.6,180.3,15.7,10,30,2024-06-20T06:21:33,2024-06-20T20:25:02,0.46,"Rain, Partially cloudy",Partly cloudy throughout the day with early morning rain.,rain,"KHOU,72059400188,KIAH,KMCJ,72244012918,72243012960,D0326"
"Houston,TX",2024-06-21,89.8,77.2,83.2,96.9,77.2,88.7,74.5,76.5,0.005,100,8.33,rain,0,0,27.3,18.9,107.7,1018.3,49.4,9.9,149.3,12.7,9,30,2024-06-21T06:21:46,2024-06-21T20:25:14,0.5,"Rain, Partially cloudy",Partly cloudy throughout the day with rain.,rain,"KHOU,72059400188,KIAH,KMCJ,72244012918,D0326"
"Houston,TX",2024-06-22,89.9,78.9,84.5,95.3,78.9,89.2,72.2,69,0,0,0,,0,0,21.9,14.7,119.7,1016.6,33.4,9.9,209.7,18,9,30,2024-06-22T06:22:01,2024-06-22T20:25:25,0.52,Partially cloudy,Partly cloudy throughout the day.,partly-cloudy-day,"KHOU,72059400188,KIAH,KMCJ,72244012918,D0326"
"Houston,TX",2024-06-23,91.6,78.7,84.8,100.8,78.7,90.5,73.9,71.1,0,0,0,,0,0,20.8,13.5,122.1,1014,40.8,9.9,195.4,16.8,10,30,2024-06-23T06:22:16,2024-06-23T20:25:35,0.56,Partially cloudy,Partly cloudy throughout the day.,partly-cloudy-day,"KHOU,72059400188,KIAH,KMCJ,72244012918,72243012960,D0326"
"Houston,TX",2024-06-24,91.5,80.6,85.6,102.9,87,94.4,75.8,73.9,0,0,0,,0,0,25.3,17.8,142,1013.3,32.1,9.9,194.9,16.7,10,60,2024-06-24T06:22:32,2024-06-24T20:25:44,0.6,Partially cloudy,Partly cloudy throughout the day.,partly-cloudy-day,"KHOU,72059400188,KIAH,KMCJ,72244012918,72243012960,D0326"
"Houston,TX",2024-06-25,91.7,80.6,85.2,103.2,87.2,94.2,76.3,76.2,0,0,0,,0,0,24.2,18.9,160.7,1013.3,31.9,9.9,246.8,21.3,10,60,2024-06-25T06:22:50,2024-06-25T20:25:51,0.63,Partially cloudy,Partly cloudy throughout the day.,partly-cloudy-day,"KHOU,72059400188,KIAH,KMCJ,72244012918,D0326"
"Houston,TX",2024-06-26,93.4,80.7,84.8,105.7,87.3,94.6,77,78.6,0.006,100,4.17,rain,0,0,26.4,18.9,192.7,1012,44.7,9.8,160,13.7,9,75,2024-06-26T06:23:09,2024-06-26T20:25:57,0.67,"Rain, Partially cloudy",Partly cloudy throughout the day with late afternoon rain.,rain,"KHOU,72059400188,KIAH,KMCJ,72244012918,D0326"
"Houston,TX",2024-06-27,95.2,80.6,86.6,105.2,87,95.4,75.5,71.4,0,0,0,,0,0,18.3,10.3,226.5,1010.2,39.7,9.9,113.1,10,8,60,2024-06-27T06:23:28,2024-06-27T20:26:01,0.7,Partially cloudy,Partly cloudy throughout the day.,partly-cloudy-day,"KHOU,72059400188,KIAH,KMCJ,72244012918,72243012960,D0326"
"Houston,TX",2024-06-28,91.9,82.4,86.4,103.4,92.3,96.8,76.8,74.4,0,0,0,,0,0,28.3,17,190.9,1009.8,45.4,9.8,156.5,13.4,9,60,2024-06-28T06:23:49,2024-06-28T20:26:04,0.75,Partially cloudy,Partly cloudy throughout the day.,partly-cloudy-day,"KHOU,72059400188,KIAH,KMCJ,72244012918,D0326"
"Houston,TX",2024-06-29,95.1,82.4,86.8,105.9,91.5,97.7,77.1,74.3,0.002,100,4.17,rain,0,0,26.4,19.2,161.5,1014.8,46.7,9.8,194.4,16.8,9,75,2024-06-29T06:24:10,2024-06-29T20:26:06,0.78,"Rain, Partially cloudy",Partly cloudy throughout the day with early morning rain.,rain,"KHOU,72059400188,KIAH,KMCJ,72244012918,D0326"
"Houston,TX",2024-06-30,94.9,80.8,86.8,103.4,87.6,96.1,75.5,70.8,0.001,100,4.17,rain,0,0,20.8,14.3,150,1019.2,45.4,9.8,116.5,9.9,9,60,2024-06-30T06:24:32,2024-06-30T20:26:07,0.81,"Rain, Partially cloudy",Partly cloudy throughout the day with afternoon rain.,rain,"KHOU,72059400188,KIAH,KMCJ,72244012918,D0326"
